[{"model": "contenttypes.contenttype", "pk": 1, "fields": {"app_label": "admin", "model": "logentry"}}, {"model": "contenttypes.contenttype", "pk": 2, "fields": {"app_label": "auth", "model": "permission"}}, {"model": "contenttypes.contenttype", "pk": 3, "fields": {"app_label": "auth", "model": "group"}}, {"model": "contenttypes.contenttype", "pk": 4, "fields": {"app_label": "auth", "model": "user"}}, {"model": "contenttypes.contenttype", "pk": 5, "fields": {"app_label": "contenttypes", "model": "contenttype"}}, {"model": "contenttypes.contenttype", "pk": 6, "fields": {"app_label": "sessions", "model": "session"}}, {"model": "contenttypes.contenttype", "pk": 7, "fields": {"app_label": "Profile", "model": "job"}}, {"model": "contenttypes.contenttype", "pk": 8, "fields": {"app_label": "Profile", "model": "semester"}}, {"model": "contenttypes.contenttype", "pk": 9, "fields": {"app_label": "Profile", "model": "courses"}}, {"model": "contenttypes.contenttype", "pk": 10, "fields": {"app_label": "Profile", "model": "projects"}}, {"model": "contenttypes.contenttype", "pk": 11, "fields": {"app_label": "Profile", "model": "album"}}, {"model": "contenttypes.contenttype", "pk": 12, "fields": {"app_label": "Profile", "model": "certifications"}}, {"model": "sessions.session", "pk": "o8awupl914ral39k3boscvghxd72azz5", "fields": {"session_data": "MThjNDIyNjRhYmI5NGFjMjE0OTExM2U3MDM3ZmFmYTY3NDE2OGQxMzp7Il9hdXRoX3VzZXJfaWQiOiIxIiwiX2F1dGhfdXNlcl9iYWNrZW5kIjoiZGphbmdvLmNvbnRyaWIuYXV0aC5iYWNrZW5kcy5Nb2RlbEJhY2tlbmQiLCJfYXV0aF91c2VyX2hhc2giOiI5Y2M3OWVkNGQ1ZjBhNDNiZDAwZjNhNGMxZDM1NzdkM2JjYTE4NWZmIn0=", "expire_date": "2020-07-22T23:36:16.057Z"}}, {"model": "sessions.session", "pk": "u33j3kep5a17s5ehi7ar4y9l07bpylrp", "fields": {"session_data": "MThjNDIyNjRhYmI5NGFjMjE0OTExM2U3MDM3ZmFmYTY3NDE2OGQxMzp7Il9hdXRoX3VzZXJfaWQiOiIxIiwiX2F1dGhfdXNlcl9iYWNrZW5kIjoiZGphbmdvLmNvbnRyaWIuYXV0aC5iYWNrZW5kcy5Nb2RlbEJhY2tlbmQiLCJfYXV0aF91c2VyX2hhc2giOiI5Y2M3OWVkNGQ1ZjBhNDNiZDAwZjNhNGMxZDM1NzdkM2JjYTE4NWZmIn0=", "expire_date": "2020-07-19T16:43:26.197Z"}}, {"model": "sessions.session", "pk": "xc5bvodaqora1lfycjt8cj4mbbpq9g4q", "fields": {"session_data": "MThjNDIyNjRhYmI5NGFjMjE0OTExM2U3MDM3ZmFmYTY3NDE2OGQxMzp7Il9hdXRoX3VzZXJfaWQiOiIxIiwiX2F1dGhfdXNlcl9iYWNrZW5kIjoiZGphbmdvLmNvbnRyaWIuYXV0aC5iYWNrZW5kcy5Nb2RlbEJhY2tlbmQiLCJfYXV0aF91c2VyX2hhc2giOiI5Y2M3OWVkNGQ1ZjBhNDNiZDAwZjNhNGMxZDM1NzdkM2JjYTE4NWZmIn0=", "expire_date": "2020-07-20T03:24:11.400Z"}}, {"model": "Profile.semester", "pk": 2, "fields": {"Semester": "Fall - 2016"}}, {"model": "Profile.semester", "pk": 3, "fields": {"Semester": "Spring - 2017"}}, {"model": "Profile.semester", "pk": 4, "fields": {"Semester": "Fall - 2018"}}, {"model": "Profile.semester", "pk": 6, "fields": {"Semester": "Spring - 2018"}}, {"model": "Profile.semester", "pk": 7, "fields": {"Semester": "Fall - 2019"}}, {"model": "Profile.semester", "pk": 8, "fields": {"Semester": "Spring - 2019"}}, {"model": "Profile.semester", "pk": 10, "fields": {"Semester": "Spring - 2020"}}, {"model": "Profile.semester", "pk": 11, "fields": {"Semester": "Fall-2017"}}, {"model": "Profile.courses", "pk": 1, "fields": {"Semester": 2, "ClassName": "BUS-200", "Description": "Global Environment of Business", "Professor": "Associate Professor", "Grade": "B-"}}, {"model": "Profile.courses", "pk": 2, "fields": {"Semester": 2, "ClassName": "ECON-103", "Description": "Microeconomic Principles", "Professor": "Dr.James Bennett", "Grade": "B-"}}, {"model": "Profile.courses", "pk": 3, "fields": {"Semester": 2, "ClassName": "MATH-108", "Description": "Calc1: Business Applications", "Professor": "Associate Professor", "Grade": "B"}}, {"model": "Profile.courses", "pk": 4, "fields": {"Semester": 2, "ClassName": "STAT-250", "Description": "Introductory Statistics 1", "Professor": "Dr.David Holmes", "Grade": "C"}}, {"model": "Profile.courses", "pk": 5, "fields": {"Semester": 3, "ClassName": "HIST-100", "Description": "History of Western Civilization", "Professor": "Dr.Susan E. Schulze", "Grade": "A"}}, {"model": "Profile.courses", "pk": 6, "fields": {"Semester": 3, "ClassName": "IT-102", "Description": "Discrete Structures", "Professor": "Sourabh Deshmukh", "Grade": "A"}}, {"model": "Profile.courses", "pk": 7, "fields": {"Semester": 3, "ClassName": "IT-104", "Description": "Introduction to Computing", "Professor": "Adjunct Professor", "Grade": "B+"}}, {"model": "Profile.courses", "pk": 8, "fields": {"Semester": 3, "ClassName": "IT-105", "Description": "IT Architecture Fundamentals", "Professor": "Adjunct Professor", "Grade": "A-"}}, {"model": "Profile.courses", "pk": 9, "fields": {"Semester": 3, "ClassName": "PHYS-104", "Description": "Physics/Everyday Phenomena 2", "Professor": "Anna Wyczalkowski", "Grade": "A-"}}, {"model": "Profile.courses", "pk": 10, "fields": {"Semester": 11, "ClassName": "ARTH-101", "Description": "Introduction to Visual Arts", "Professor": "Dr. Lisa P Bauman", "Grade": "A+"}}, {"model": "Profile.courses", "pk": 11, "fields": {"Semester": 11, "ClassName": "ASTR-103", "Description": "Astronomy", "Professor": "Dr.Harold Geller", "Grade": "C+"}}, {"model": "Profile.courses", "pk": 12, "fields": {"Semester": 11, "ClassName": "IT-106", "Description": "IT Problem Solving", "Professor": "Humaira Akthari", "Grade": "D"}}, {"model": "Profile.courses", "pk": 13, "fields": {"Semester": 11, "ClassName": "IT-214", "Description": "Database Fundamentals", "Professor": "Lam Phung", "Grade": "B-"}}, {"model": "Profile.courses", "pk": 14, "fields": {"Semester": 11, "ClassName": "IT-223", "Description": "Information Security Fundamentals", "Professor": "Adjunct Professor", "Grade": "B+"}}, {"model": "Profile.courses", "pk": 15, "fields": {"Semester": 6, "ClassName": "IT-106", "Description": "IT Problem Solving, Repeated to switch to Python", "Professor": "Dr.Gene Shuman", "Grade": "B+"}}, {"model": "Profile.courses", "pk": 16, "fields": {"Semester": 6, "ClassName": "IT-213", "Description": "Multimedia and Web Design", "Professor": "Anisah Kabli", "Grade": "A+"}}, {"model": "Profile.courses", "pk": 17, "fields": {"Semester": 6, "ClassName": "IT-293", "Description": "IT: Understanding Concentration and Careers", "Professor": "Dr. Timothy Hope", "Grade": "A+"}}, {"model": "Profile.courses", "pk": 18, "fields": {"Semester": 6, "ClassName": "IT-200", "Description": "Modern Telecommunications", "Professor": "Masoud Karkehabadi", "Grade": "C+"}}, {"model": "Profile.courses", "pk": 19, "fields": {"Semester": 6, "ClassName": "IT-304", "Description": "IT in the Global Economy", "Professor": "Dr.Ozlem Uzuner", "Grade": "A-"}}, {"model": "Profile.courses", "pk": 20, "fields": {"Semester": 6, "ClassName": "MBUS-300", "Description": "Accounting in a Global Economy", "Professor": "Mark Chase", "Grade": "B"}}, {"model": "Profile.courses", "pk": 21, "fields": {"Semester": 6, "ClassName": "UNIV-332", "Description": "Peer Leadership: RA's", "Professor": "Brad Teague", "Grade": "A+"}}, {"model": "Profile.courses", "pk": 22, "fields": {"Semester": 4, "ClassName": "ENGH-201", "Description": "English Literature 1", "Professor": "Scott Berg;", "Grade": "B+"}}, {"model": "Profile.courses", "pk": 23, "fields": {"Semester": 4, "ClassName": "IT-2017", "Description": "Applied IT Programming, PHP", "Professor": "Erhan Uyar", "Grade": "B"}}, {"model": "Profile.courses", "pk": 24, "fields": {"Semester": 4, "ClassName": "IT-209", "Description": "Introduction to Object-Oriented Programming", "Professor": "Dr.Gene Shuman", "Grade": "B"}}, {"model": "Profile.courses", "pk": 25, "fields": {"Semester": 4, "ClassName": "IT-342", "Description": "Operating Systems, Linux and Windows", "Professor": "Alidad Jalinous", "Grade": "B+"}}, {"model": "Profile.courses", "pk": 26, "fields": {"Semester": 4, "ClassName": "IT-343", "Description": "IT Project Management", "Professor": "Joseph Murray", "Grade": "B+"}}, {"model": "Profile.courses", "pk": 27, "fields": {"Semester": 4, "ClassName": "UNIV-332", "Description": "Peer Leadership: RA's, Part 2", "Professor": "Aysha Puhl", "Grade": "B-"}}, {"model": "Profile.courses", "pk": 28, "fields": {"Semester": 8, "ClassName": "ENGH-302", "Description": "Advanced Composition, (Sciences)", "Professor": "Mark Rudnicki;", "Grade": "B+"}}, {"model": "Profile.courses", "pk": 29, "fields": {"Semester": 8, "ClassName": "IT-216", "Description": "Systems Analysis and Design", "Professor": "Spencer Kohn", "Grade": "B"}}, {"model": "Profile.courses", "pk": 30, "fields": {"Semester": 8, "ClassName": "IT-331", "Description": "Web Development: AJAX", "Professor": "Diana Wang", "Grade": "B"}}, {"model": "Profile.courses", "pk": 31, "fields": {"Semester": 8, "ClassName": "IT-341", "Description": "Data Communications /Networking Principle", "Professor": "Khondkar Islam", "Grade": "C"}}, {"model": "Profile.courses", "pk": 32, "fields": {"Semester": 8, "ClassName": "SYST-469", "Description": "Human-Computer Interactions. Human-Centric Design", "Professor": "Howard Killam", "Grade": "A+"}}, {"model": "Profile.courses", "pk": 33, "fields": {"Semester": 7, "ClassName": "IT-309", "Description": "Data Structures and Algorithms in Python", "Professor": "Dr. Gene Shuman", "Grade": "B+"}}, {"model": "Profile.courses", "pk": 34, "fields": {"Semester": 7, "ClassName": "IT-315", "Description": "Mobile Development (IOS)", "Professor": "Don Almeida", "Grade": "A-"}}, {"model": "Profile.courses", "pk": 35, "fields": {"Semester": 7, "ClassName": "IT-390", "Description": "Rapid Development Scalable Cloud Applications", "Professor": "Can Nguyen", "Grade": "A+"}}, {"model": "Profile.courses", "pk": 36, "fields": {"Semester": 7, "ClassName": "IT-431", "Description": "Advanced Web Development, ASP.NET, AWS", "Professor": "Randy Michak", "Grade": "A-"}}, {"model": "Profile.courses", "pk": 37, "fields": {"Semester": 7, "ClassName": "IT-492", "Description": "Senior Design Project: 1", "Professor": "David Richard", "Grade": "A-"}}, {"model": "Profile.courses", "pk": 38, "fields": {"Semester": 10, "ClassName": "IT-493", "Description": "Senior Design Project:2", "Professor": "David Richard", "Grade": "A-"}}, {"model": "Profile.courses", "pk": 39, "fields": {"Semester": 10, "ClassName": "IT-369", "Description": "Data and Application Security,Kali Linux,LAMP stck", "Professor": "Scott Lewis", "Grade": "A+"}}, {"model": "Profile.courses", "pk": 40, "fields": {"Semester": 10, "ClassName": "IT-409", "Description": "Python Web Programming, Django and REST API's", "Professor": "Rajendra Mallampati", "Grade": "A_"}}, {"model": "Profile.courses", "pk": 41, "fields": {"Semester": 10, "ClassName": "IT-415", "Description": "Information Visualization, Google Tools, Tableau", "Professor": "Bernardo Darquea", "Grade": "A+"}}, {"model": "Profile.courses", "pk": 42, "fields": {"Semester": 10, "ClassName": "UNIV-420", "Description": "College to Career", "Professor": "Ralph Lattanzio, Global HR Dir", "Grade": "A+"}}, {"model": "Profile.job", "pk": 1, "fields": {"jobs": "Salesforce Student Analyst", "image": "images/logo.jpg", "job_description": "I interned for the Office of Enrollment Management and Business Intelligence. Some of my responsibilities included In-Person Training, Training Documentation, Use Cases, etc. \r\n\r\nImprove system security and prevent unauthorized access to sensitive student data.\r\n\r\nThe other aspect of the role was to provide salesforce support, knowledge, and troubleshooting to clients such as the Mason Student Service Center. The great part about the role was that I would learn new things every few weeks.", "startDate": "2018-09-10", "End_Date": "2020-05-12", "employer": "Enrollment Management | Jade Perez", "contact_info": "jperezc@gmu.edu"}}, {"model": "Profile.job", "pk": 2, "fields": {"jobs": "Resident Advisor", "image": "images/Screen_Shot_2020-07-05_at_8.29.20_PM.png", "job_description": "I was responsible to create a safe and secure environment for 400 residents in the community which included peer-to-peer conflict resolution, creating and reporting incidents with detailed narratives.\r\nAssisting with the implementation and execution of the residential education initiatives in the community. Respond to student concerns and crisis situations when necessary such as sexual assault, suicidal ideation; and engage with HRL and campus resources to provide support.", "startDate": "2018-08-13", "End_Date": "2020-05-17", "employer": "Housing and Residence Life | Patrick O' Connor", "contact_info": "housing@gmu.edu"}}, {"model": "Profile.projects", "pk": 1, "fields": {"Name": "The Black Knights", "image": "images/PixelArt.png", "description": "The Black Knights were my senior design team name. In this project, we created a simple and scalable solution for a fashion business based out of Georgia. The project was 100% remote and our web solutions were deployed to increase the business revenue. The solutions saved the client an upward of 10K/ year.\r\n\r\nHere is the client's website: https://alexblaque.com/", "startDate": "2019-09-16", "End_Date": "2020-05-11", "Mentor": "Prof.David Richard", "email": "dricha20@gmu.edu"}}, {"model": "Profile.projects", "pk": 2, "fields": {"Name": "Study Mason", "image": "images/StudyMason.png", "description": "worked in a team as part of Mason Summer Entrepreneurship Accelerator to evaluate our business idea and hypothesize. We learned multiple SDLC methodologies to implement the business idea and conducted 100+ customer discovery interviews with stakeholders including college students, professors, and offices to create a mobile application that enables students to find a study partner.\r\nThe Result: over 75 percent of students and professors interviewed supported the business idea.", "startDate": "2019-06-03", "End_Date": "2019-08-05", "Mentor": "David L Powell\r\nThe principal of DLPIBC, LLC (International Sales and Marketing)", "email": "dpowell@dlpibc.com"}}, {"model": "Profile.projects", "pk": 3, "fields": {"Name": "Study Panda", "image": "images/Screen_Shot_2020-07-07_at_4.32.52_PM.png", "description": "Creating a rapidly deployable Django web application to help facilitate student interactions with peers to improve study habits and understand the study patterns. The idea was initially limited to George Mason University but now is expanding to all large public and private universities as COVID-19 has changed the way we learn. Currently working with a team of 6 software engineers to build and deploy.", "startDate": "2020-06-15", "End_Date": "2020-08-03", "Mentor": "Karen Livingston. Associate Director, Entrepreneurship Programs, GMU", "email": "kliving@gmu.edu"}}, {"model": "Profile.album", "pk": 2, "fields": {"Name": "The Stick Family", "image": "images/Screen_Shot_2020-07-07_at_7.28.37_PM.png", "description": "This picture depicts the roles in a family, the 2 tiny sticks are little kids (Joyful and pure), the wife is pregnant and leads the family(Guide) and the father protects the family from the fire and heads them towards peace."}}, {"model": "Profile.album", "pk": 3, "fields": {"Name": "The Dew", "image": "images/37417052_424098657998327_1066063547756183552_n.jpg", "description": "This picture was clicked at George Mason University right after some rain showers."}}, {"model": "Profile.album", "pk": 4, "fields": {"Name": "Cherry Blossom", "image": "images/54512808_454549245295313_6226549924761152129_n.jpg", "description": "This is the picture of mason pond around the cherry blossom festival in early spring."}}, {"model": "Profile.album", "pk": 5, "fields": {"Name": "George Mason Statue", "image": "images/98116458_1180485838972374_1293039889335518178_n.jpg", "description": "A staple for any graduation, It is considered good luck to click a picture with George Mason and rub his shoe for good luck but be aware of the curse of the planks as the tale goes, those who have stepped on it have not graduated on time!"}}, {"model": "Profile.album", "pk": 6, "fields": {"Name": "That an iceberg?", "image": "images/Screen_Shot_2020-07-07_at_7.40.59_PM.png", "description": "Clicked in Arlington city at a rooftop location, this stone(ice-berg) was laying in the dirt."}}, {"model": "Profile.album", "pk": 7, "fields": {"Name": "No Smoking!", "image": "images/Screen_Shot_2020-07-07_at_7.41.08_PM.png", "description": "Shot in the streets of New Delhi, a message by a local artist to encourage people not to smoke."}}, {"model": "Profile.album", "pk": 8, "fields": {"Name": "Alwar: Old Fort", "image": "images/Screen_Shot_2020-07-07_at_7.41.28_PM.png", "description": "shot in the town of Alwar, Rajasthan. My hometown and its beauty, this used to be a queen's place and was being revived for tourism."}}, {"model": "Profile.album", "pk": 9, "fields": {"Name": "chaos and peace", "image": "images/Screen_Shot_2020-07-07_at_7.41.37_PM.png", "description": "Clicked a burning lamp's picture. The image is peaceful yet depicts the fire's chaos."}}, {"model": "Profile.album", "pk": 10, "fields": {"Name": "The dance of a flower", "image": "images/Screen_Shot_2020-07-07_at_7.41.47_PM.png", "description": "This picture is of a flower that only blooms for a few days before dying and every year comes back again."}}, {"model": "Profile.certifications", "pk": 1, "fields": {"CertName": "Project Management: Iterative Methods", "Issued_By": "LinkedIn", "Status": "Completed", "year": "2020"}}, {"model": "Profile.certifications", "pk": 2, "fields": {"CertName": "Building a Personal Portfolio with Django", "Issued_By": "LinkedIn", "Status": "Completed", "year": "2020"}}, {"model": "Profile.certifications", "pk": 3, "fields": {"CertName": "Business Analysis Foundations", "Issued_By": "LinkedIn", "Status": "Completed", "year": "2020"}}, {"model": "Profile.certifications", "pk": 4, "fields": {"CertName": "Agile:Getting Better with Agile Retrospectives", "Issued_By": "LinkedIn", "Status": "Completed", "year": "2020"}}, {"model": "Profile.certifications", "pk": 6, "fields": {"CertName": "TypeScript Essential Training", "Issued_By": "LinkedIn", "Status": "Completed", "year": "2020"}}, {"model": "Profile.certifications", "pk": 7, "fields": {"CertName": "Agile at work: Building your Agile Team", "Issued_By": "LinkedIn", "Status": "Completed", "year": "2020"}}, {"model": "Profile.certifications", "pk": 8, "fields": {"CertName": "Agile at work: Driving Productive Agile Meetings", "Issued_By": "LinkedIn", "Status": "Completed", "year": "2020"}}, {"model": "Profile.certifications", "pk": 9, "fields": {"CertName": "Agile at Work: Planning with Agile User Stories", "Issued_By": "LinkedIn", "Status": "Completed", "year": "2020"}}, {"model": "Profile.certifications", "pk": 10, "fields": {"CertName": "Bootstrap 3 Essential Training", "Issued_By": "LinkedIn", "Status": "Completed", "year": "2019"}}, {"model": "Profile.certifications", "pk": 11, "fields": {"CertName": "Introduction to CSS", "Issued_By": "LinkedIn", "Status": "Completed", "year": "2019"}}, {"model": "Profile.certifications", "pk": 12, "fields": {"CertName": "JavaScript Essential Training", "Issued_By": "LinkedIn", "Status": "Completed", "year": "2019"}}, {"model": "Profile.certifications", "pk": 13, "fields": {"CertName": "Creating Advanced Responsive Presentation, HTML5", "Issued_By": "LinkedIn", "Status": "Completed", "year": "2019"}}, {"model": "Profile.certifications", "pk": 14, "fields": {"CertName": "Project Management: Iterative Methods", "Issued_By": "LinkedIn", "Status": "Completed", "year": "2019"}}, {"model": "Profile.certifications", "pk": 15, "fields": {"CertName": "Avoiding Phishing Scams", "Issued_By": "LinkedIn", "Status": "Completed", "year": "2017"}}, {"model": "Profile.certifications", "pk": 16, "fields": {"CertName": "Salesforce Administrator", "Issued_By": "Exam Pending, Salesforce", "Status": "In Progress", "year": "2020"}}, {"model": "auth.permission", "pk": 1, "fields": {"name": "Can add log entry", "content_type": 1, "codename": "add_logentry"}}, {"model": "auth.permission", "pk": 2, "fields": {"name": "Can change log entry", "content_type": 1, "codename": "change_logentry"}}, {"model": "auth.permission", "pk": 3, "fields": {"name": "Can delete log entry", "content_type": 1, "codename": "delete_logentry"}}, {"model": "auth.permission", "pk": 4, "fields": {"name": "Can view log entry", "content_type": 1, "codename": "view_logentry"}}, {"model": "auth.permission", "pk": 5, "fields": {"name": "Can add permission", "content_type": 2, "codename": "add_permission"}}, {"model": "auth.permission", "pk": 6, "fields": {"name": "Can change permission", "content_type": 2, "codename": "change_permission"}}, {"model": "auth.permission", "pk": 7, "fields": {"name": "Can delete permission", "content_type": 2, "codename": "delete_permission"}}, {"model": "auth.permission", "pk": 8, "fields": {"name": "Can view permission", "content_type": 2, "codename": "view_permission"}}, {"model": "auth.permission", "pk": 9, "fields": {"name": "Can add group", "content_type": 3, "codename": "add_group"}}, {"model": "auth.permission", "pk": 10, "fields": {"name": "Can change group", "content_type": 3, "codename": "change_group"}}, {"model": "auth.permission", "pk": 11, "fields": {"name": "Can delete group", "content_type": 3, "codename": "delete_group"}}, {"model": "auth.permission", "pk": 12, "fields": {"name": "Can view group", "content_type": 3, "codename": "view_group"}}, {"model": "auth.permission", "pk": 13, "fields": {"name": "Can add user", "content_type": 4, "codename": "add_user"}}, {"model": "auth.permission", "pk": 14, "fields": {"name": "Can change user", "content_type": 4, "codename": "change_user"}}, {"model": "auth.permission", "pk": 15, "fields": {"name": "Can delete user", "content_type": 4, "codename": "delete_user"}}, {"model": "auth.permission", "pk": 16, "fields": {"name": "Can view user", "content_type": 4, "codename": "view_user"}}, {"model": "auth.permission", "pk": 17, "fields": {"name": "Can add content type", "content_type": 5, "codename": "add_contenttype"}}, {"model": "auth.permission", "pk": 18, "fields": {"name": "Can change content type", "content_type": 5, "codename": "change_contenttype"}}, {"model": "auth.permission", "pk": 19, "fields": {"name": "Can delete content type", "content_type": 5, "codename": "delete_contenttype"}}, {"model": "auth.permission", "pk": 20, "fields": {"name": "Can view content type", "content_type": 5, "codename": "view_contenttype"}}, {"model": "auth.permission", "pk": 21, "fields": {"name": "Can add session", "content_type": 6, "codename": "add_session"}}, {"model": "auth.permission", "pk": 22, "fields": {"name": "Can change session", "content_type": 6, "codename": "change_session"}}, {"model": "auth.permission", "pk": 23, "fields": {"name": "Can delete session", "content_type": 6, "codename": "delete_session"}}, {"model": "auth.permission", "pk": 24, "fields": {"name": "Can view session", "content_type": 6, "codename": "view_session"}}, {"model": "auth.permission", "pk": 25, "fields": {"name": "Can add job", "content_type": 7, "codename": "add_job"}}, {"model": "auth.permission", "pk": 26, "fields": {"name": "Can change job", "content_type": 7, "codename": "change_job"}}, {"model": "auth.permission", "pk": 27, "fields": {"name": "Can delete job", "content_type": 7, "codename": "delete_job"}}, {"model": "auth.permission", "pk": 28, "fields": {"name": "Can view job", "content_type": 7, "codename": "view_job"}}, {"model": "auth.permission", "pk": 29, "fields": {"name": "Can add semester", "content_type": 8, "codename": "add_semester"}}, {"model": "auth.permission", "pk": 30, "fields": {"name": "Can change semester", "content_type": 8, "codename": "change_semester"}}, {"model": "auth.permission", "pk": 31, "fields": {"name": "Can delete semester", "content_type": 8, "codename": "delete_semester"}}, {"model": "auth.permission", "pk": 32, "fields": {"name": "Can view semester", "content_type": 8, "codename": "view_semester"}}, {"model": "auth.permission", "pk": 33, "fields": {"name": "Can add courses", "content_type": 9, "codename": "add_courses"}}, {"model": "auth.permission", "pk": 34, "fields": {"name": "Can change courses", "content_type": 9, "codename": "change_courses"}}, {"model": "auth.permission", "pk": 35, "fields": {"name": "Can delete courses", "content_type": 9, "codename": "delete_courses"}}, {"model": "auth.permission", "pk": 36, "fields": {"name": "Can view courses", "content_type": 9, "codename": "view_courses"}}, {"model": "auth.permission", "pk": 37, "fields": {"name": "Can add projects", "content_type": 10, "codename": "add_projects"}}, {"model": "auth.permission", "pk": 38, "fields": {"name": "Can change projects", "content_type": 10, "codename": "change_projects"}}, {"model": "auth.permission", "pk": 39, "fields": {"name": "Can delete projects", "content_type": 10, "codename": "delete_projects"}}, {"model": "auth.permission", "pk": 40, "fields": {"name": "Can view projects", "content_type": 10, "codename": "view_projects"}}, {"model": "auth.permission", "pk": 41, "fields": {"name": "Can add album", "content_type": 11, "codename": "add_album"}}, {"model": "auth.permission", "pk": 42, "fields": {"name": "Can change album", "content_type": 11, "codename": "change_album"}}, {"model": "auth.permission", "pk": 43, "fields": {"name": "Can delete album", "content_type": 11, "codename": "delete_album"}}, {"model": "auth.permission", "pk": 44, "fields": {"name": "Can view album", "content_type": 11, "codename": "view_album"}}, {"model": "auth.permission", "pk": 45, "fields": {"name": "Can add certifications", "content_type": 12, "codename": "add_certifications"}}, {"model": "auth.permission", "pk": 46, "fields": {"name": "Can change certifications", "content_type": 12, "codename": "change_certifications"}}, {"model": "auth.permission", "pk": 47, "fields": {"name": "Can delete certifications", "content_type": 12, "codename": "delete_certifications"}}, {"model": "auth.permission", "pk": 48, "fields": {"name": "Can view certifications", "content_type": 12, "codename": "view_certifications"}}, {"model": "auth.user", "pk": 1, "fields": {"password": "pbkdf2_sha256$180000$pfwYdEMJBpvh$/L7CfZWqY4F1cSetCLshfuG17rmU0TV3Y1fnsHys9eo=", "last_login": "2020-07-08T23:36:16.054Z", "is_superuser": true, "username": "admin", "first_name": "", "last_name": "", "email": "vaibhavgupta276@gmail.com", "is_staff": true, "is_active": true, "date_joined": "2020-07-05T16:43:15.409Z", "groups": [], "user_permissions": []}}, {"model": "admin.logentry", "pk": 1, "fields": {"action_time": "2020-07-05T16:45:56.208Z", "user": 1, "content_type": 7, "object_id": "1", "object_repr": "Salesforce Student Analyst - GMU | Office of Enrollment Management | Jade Perez - jperezc@gmu.edu", "action_flag": 1, "change_message": "[{\"added\": {}}]"}}, {"model": "admin.logentry", "pk": 2, "fields": {"action_time": "2020-07-05T17:08:18.800Z", "user": 1, "content_type": 7, "object_id": "1", "object_repr": "Salesforce Student Analyst - GMU | Office of Enrollment Management | Jade Perez - jperezc@gmu.edu", "action_flag": 2, "change_message": "[{\"changed\": {\"fields\": [\"Image\"]}}]"}}, {"model": "admin.logentry", "pk": 3, "fields": {"action_time": "2020-07-05T17:22:45.316Z", "user": 1, "content_type": 7, "object_id": "1", "object_repr": "Salesforce Student Analyst - GMU | Office of Enrollment Management | Jade Perez - jperezc@gmu.edu", "action_flag": 2, "change_message": "[{\"changed\": {\"fields\": [\"Image\"]}}]"}}, {"model": "admin.logentry", "pk": 4, "fields": {"action_time": "2020-07-05T17:47:24.766Z", "user": 1, "content_type": 8, "object_id": "1", "object_repr": "Fall - 2016", "action_flag": 1, "change_message": "[{\"added\": {}}]"}}, {"model": "admin.logentry", "pk": 5, "fields": {"action_time": "2020-07-05T17:47:39.540Z", "user": 1, "content_type": 9, "object_id": "1", "object_repr": "BUS-200 - anything is possible - A", "action_flag": 1, "change_message": "[{\"added\": {}}]"}}, {"model": "admin.logentry", "pk": 6, "fields": {"action_time": "2020-07-05T18:10:43.331Z", "user": 1, "content_type": 7, "object_id": "2", "object_repr": "Resident Advisor - GMU Office of Housing and Residence Life - housing@gmu.edu", "action_flag": 1, "change_message": "[{\"added\": {}}]"}}, {"model": "admin.logentry", "pk": 7, "fields": {"action_time": "2020-07-05T18:23:24.612Z", "user": 1, "content_type": 7, "object_id": "2", "object_repr": "Resident Advisor - GMU OHRL - housing@gmu.edu", "action_flag": 2, "change_message": "[{\"changed\": {\"fields\": [\"Employer\"]}}]"}}, {"model": "admin.logentry", "pk": 8, "fields": {"action_time": "2020-07-05T18:25:31.497Z", "user": 1, "content_type": 7, "object_id": "1", "object_repr": "Salesforce Student Analyst - Enrollment Management | Jade Perez - jperezc@gmu.edu", "action_flag": 2, "change_message": "[{\"changed\": {\"fields\": [\"Employer\"]}}]"}}, {"model": "admin.logentry", "pk": 9, "fields": {"action_time": "2020-07-05T18:25:49.598Z", "user": 1, "content_type": 7, "object_id": "2", "object_repr": "Resident Advisor - Housing and Residence Life - housing@gmu.edu", "action_flag": 2, "change_message": "[{\"changed\": {\"fields\": [\"Employer\"]}}]"}}, {"model": "admin.logentry", "pk": 10, "fields": {"action_time": "2020-07-05T18:26:28.737Z", "user": 1, "content_type": 7, "object_id": "2", "object_repr": "Resident Advisor - Housing and Residence Life | Patrick O' Connor - housing@gmu.edu", "action_flag": 2, "change_message": "[{\"changed\": {\"fields\": [\"Employer\"]}}]"}}, {"model": "admin.logentry", "pk": 11, "fields": {"action_time": "2020-07-05T18:28:47.755Z", "user": 1, "content_type": 7, "object_id": "3", "object_repr": "random - nothing - jperezc@gmu.edu", "action_flag": 1, "change_message": "[{\"added\": {}}]"}}, {"model": "admin.logentry", "pk": 12, "fields": {"action_time": "2020-07-05T19:09:09.009Z", "user": 1, "content_type": 7, "object_id": "3", "object_repr": "random - nothing - jperezc@gmu.edu", "action_flag": 3, "change_message": ""}}, {"model": "admin.logentry", "pk": 13, "fields": {"action_time": "2020-07-05T22:07:16.786Z", "user": 1, "content_type": 7, "object_id": "1", "object_repr": "Salesforce Student Analyst - Enrollment Management | Jade Perez - jperezc@gmu.edu", "action_flag": 2, "change_message": "[{\"changed\": {\"fields\": [\"Image\", \"Job Description\"]}}]"}}, {"model": "admin.logentry", "pk": 14, "fields": {"action_time": "2020-07-05T22:17:40.822Z", "user": 1, "content_type": 7, "object_id": "2", "object_repr": "Resident Advisor - Housing and Residence Life | Patrick O' Connor - housing@gmu.edu", "action_flag": 2, "change_message": "[{\"changed\": {\"fields\": [\"Image\", \"Job Description\"]}}]"}}, {"model": "admin.logentry", "pk": 15, "fields": {"action_time": "2020-07-05T22:24:25.787Z", "user": 1, "content_type": 7, "object_id": "2", "object_repr": "Resident Advisor - Housing and Residence Life | Patrick O' Connor - housing@gmu.edu", "action_flag": 2, "change_message": "[{\"changed\": {\"fields\": [\"Image\"]}}]"}}, {"model": "admin.logentry", "pk": 16, "fields": {"action_time": "2020-07-05T22:24:34.262Z", "user": 1, "content_type": 7, "object_id": "1", "object_repr": "Salesforce Student Analyst - Enrollment Management | Jade Perez - jperezc@gmu.edu", "action_flag": 2, "change_message": "[{\"changed\": {\"fields\": [\"Image\"]}}]"}}, {"model": "admin.logentry", "pk": 17, "fields": {"action_time": "2020-07-05T22:25:45.085Z", "user": 1, "content_type": 7, "object_id": "1", "object_repr": "Salesforce Student Analyst - Enrollment Management | Jade Perez - jperezc@gmu.edu", "action_flag": 2, "change_message": "[{\"changed\": {\"fields\": [\"Image\"]}}]"}}, {"model": "admin.logentry", "pk": 18, "fields": {"action_time": "2020-07-05T22:27:56.440Z", "user": 1, "content_type": 7, "object_id": "2", "object_repr": "Resident Advisor - Housing and Residence Life | Patrick O' Connor - housing@gmu.edu", "action_flag": 2, "change_message": "[{\"changed\": {\"fields\": [\"Image\"]}}]"}}, {"model": "admin.logentry", "pk": 19, "fields": {"action_time": "2020-07-05T22:28:18.027Z", "user": 1, "content_type": 7, "object_id": "2", "object_repr": "Resident Advisor - Housing and Residence Life | Patrick O' Connor - housing@gmu.edu", "action_flag": 2, "change_message": "[{\"changed\": {\"fields\": [\"Image\"]}}]"}}, {"model": "admin.logentry", "pk": 20, "fields": {"action_time": "2020-07-05T22:33:20.444Z", "user": 1, "content_type": 7, "object_id": "1", "object_repr": "Salesforce Student Analyst - Enrollment Management | Jade Perez - jperezc@gmu.edu", "action_flag": 2, "change_message": "[]"}}, {"model": "admin.logentry", "pk": 21, "fields": {"action_time": "2020-07-05T22:35:14.992Z", "user": 1, "content_type": 7, "object_id": "1", "object_repr": "Salesforce Student Analyst - Enrollment Management | Jade Perez - jperezc@gmu.edu", "action_flag": 2, "change_message": "[{\"changed\": {\"fields\": [\"Job Description\"]}}]"}}, {"model": "admin.logentry", "pk": 22, "fields": {"action_time": "2020-07-05T22:35:38.901Z", "user": 1, "content_type": 7, "object_id": "1", "object_repr": "Salesforce Student Analyst - Enrollment Management | Jade Perez - jperezc@gmu.edu", "action_flag": 2, "change_message": "[]"}}, {"model": "admin.logentry", "pk": 23, "fields": {"action_time": "2020-07-06T00:21:34.548Z", "user": 1, "content_type": 7, "object_id": "2", "object_repr": "Resident Advisor - Housing and Residence Life | Patrick O' Connor - housing@gmu.edu", "action_flag": 2, "change_message": "[{\"changed\": {\"fields\": [\"Image\"]}}]"}}, {"model": "admin.logentry", "pk": 24, "fields": {"action_time": "2020-07-06T00:23:02.165Z", "user": 1, "content_type": 7, "object_id": "2", "object_repr": "Resident Advisor - Housing and Residence Life | Patrick O' Connor - housing@gmu.edu", "action_flag": 2, "change_message": "[{\"changed\": {\"fields\": [\"Image\"]}}]"}}, {"model": "admin.logentry", "pk": 25, "fields": {"action_time": "2020-07-06T00:29:58.201Z", "user": 1, "content_type": 7, "object_id": "2", "object_repr": "Resident Advisor - Housing and Residence Life | Patrick O' Connor - housing@gmu.edu", "action_flag": 2, "change_message": "[{\"changed\": {\"fields\": [\"Image\"]}}]"}}, {"model": "admin.logentry", "pk": 26, "fields": {"action_time": "2020-07-06T03:37:06.039Z", "user": 1, "content_type": 10, "object_id": "1", "object_repr": "The Black Knights - Prof.David Richard - dricha20@gmu.edu", "action_flag": 1, "change_message": "[{\"added\": {}}]"}}, {"model": "admin.logentry", "pk": 27, "fields": {"action_time": "2020-07-06T03:41:21.253Z", "user": 1, "content_type": 10, "object_id": "2", "object_repr": "Study Mason - David L Powell\r\nThe principal of DLPIBC, LLC (International Sales and Marketing) - dpowell@dlpibc.com", "action_flag": 1, "change_message": "[{\"added\": {}}]"}}, {"model": "admin.logentry", "pk": 28, "fields": {"action_time": "2020-07-06T03:48:53.271Z", "user": 1, "content_type": 10, "object_id": "3", "object_repr": "Study Panda - Karen Livingston. Associate Director, Entrepreneurship Programs, GMU - kliving@gmu.edu", "action_flag": 1, "change_message": "[{\"added\": {}}]"}}, {"model": "admin.logentry", "pk": 29, "fields": {"action_time": "2020-07-07T22:31:23.106Z", "user": 1, "content_type": 10, "object_id": "3", "object_repr": "Study Panda - Karen Livingston. Associate Director, Entrepreneurship Programs, GMU - kliving@gmu.edu", "action_flag": 2, "change_message": "[{\"changed\": {\"fields\": [\"Image\"]}}]"}}, {"model": "admin.logentry", "pk": 30, "fields": {"action_time": "2020-07-07T22:49:30.433Z", "user": 1, "content_type": 11, "object_id": "1", "object_repr": "Gone with the wind", "action_flag": 1, "change_message": "[{\"added\": {}}]"}}, {"model": "admin.logentry", "pk": 31, "fields": {"action_time": "2020-07-07T23:27:40.756Z", "user": 1, "content_type": 11, "object_id": "2", "object_repr": "The Stick Family", "action_flag": 1, "change_message": "[{\"added\": {}}]"}}, {"model": "admin.logentry", "pk": 32, "fields": {"action_time": "2020-07-07T23:29:22.110Z", "user": 1, "content_type": 11, "object_id": "2", "object_repr": "The Stick Family", "action_flag": 2, "change_message": "[{\"changed\": {\"fields\": [\"Image\"]}}]"}}, {"model": "admin.logentry", "pk": 33, "fields": {"action_time": "2020-07-07T23:30:16.266Z", "user": 1, "content_type": 11, "object_id": "1", "object_repr": "Gone with the wind", "action_flag": 3, "change_message": ""}}, {"model": "admin.logentry", "pk": 34, "fields": {"action_time": "2020-07-07T23:35:16.279Z", "user": 1, "content_type": 11, "object_id": "3", "object_repr": "The Dew", "action_flag": 1, "change_message": "[{\"added\": {}}]"}}, {"model": "admin.logentry", "pk": 35, "fields": {"action_time": "2020-07-07T23:36:31.313Z", "user": 1, "content_type": 11, "object_id": "4", "object_repr": "Cherry Blossom", "action_flag": 1, "change_message": "[{\"added\": {}}]"}}, {"model": "admin.logentry", "pk": 36, "fields": {"action_time": "2020-07-07T23:38:46.659Z", "user": 1, "content_type": 11, "object_id": "5", "object_repr": "George Mason Statue", "action_flag": 1, "change_message": "[{\"added\": {}}]"}}, {"model": "admin.logentry", "pk": 37, "fields": {"action_time": "2020-07-07T23:44:39.020Z", "user": 1, "content_type": 11, "object_id": "6", "object_repr": "That an iceberg?", "action_flag": 1, "change_message": "[{\"added\": {}}]"}}, {"model": "admin.logentry", "pk": 38, "fields": {"action_time": "2020-07-07T23:46:04.897Z", "user": 1, "content_type": 11, "object_id": "7", "object_repr": "No Smoking!", "action_flag": 1, "change_message": "[{\"added\": {}}]"}}, {"model": "admin.logentry", "pk": 39, "fields": {"action_time": "2020-07-07T23:47:46.358Z", "user": 1, "content_type": 11, "object_id": "8", "object_repr": "Alwar: Old Fort", "action_flag": 1, "change_message": "[{\"added\": {}}]"}}, {"model": "admin.logentry", "pk": 40, "fields": {"action_time": "2020-07-07T23:49:21.338Z", "user": 1, "content_type": 11, "object_id": "9", "object_repr": "chaos and peace", "action_flag": 1, "change_message": "[{\"added\": {}}]"}}, {"model": "admin.logentry", "pk": 41, "fields": {"action_time": "2020-07-07T23:52:04.910Z", "user": 1, "content_type": 11, "object_id": "10", "object_repr": "The dance of a flower", "action_flag": 1, "change_message": "[{\"added\": {}}]"}}, {"model": "admin.logentry", "pk": 42, "fields": {"action_time": "2020-07-08T23:36:56.237Z", "user": 1, "content_type": 12, "object_id": "1", "object_repr": "Project Management: Iterative Methods - LinkedIn - CO", "action_flag": 1, "change_message": "[{\"added\": {}}]"}}, {"model": "admin.logentry", "pk": 43, "fields": {"action_time": "2020-07-08T23:37:33.660Z", "user": 1, "content_type": 12, "object_id": "2", "object_repr": "Building a Personal Portfolio with Django - LinkedIn - CO", "action_flag": 1, "change_message": "[{\"added\": {}}]"}}, {"model": "admin.logentry", "pk": 44, "fields": {"action_time": "2020-07-08T23:37:53.188Z", "user": 1, "content_type": 12, "object_id": "3", "object_repr": "Business Analysis Foundations - LinkedIn - CO", "action_flag": 1, "change_message": "[{\"added\": {}}]"}}, {"model": "admin.logentry", "pk": 45, "fields": {"action_time": "2020-07-08T23:39:20.901Z", "user": 1, "content_type": 12, "object_id": "4", "object_repr": "Agile:Getting Better with Agile Retrospectives - LinkedIn - CO", "action_flag": 1, "change_message": "[{\"added\": {}}]"}}, {"model": "admin.logentry", "pk": 46, "fields": {"action_time": "2020-07-08T23:40:49.848Z", "user": 1, "content_type": 12, "object_id": "5", "object_repr": "Salesforce Administrator - Salesforce - IP", "action_flag": 1, "change_message": "[{\"added\": {}}]"}}, {"model": "admin.logentry", "pk": 47, "fields": {"action_time": "2020-07-08T23:41:10.601Z", "user": 1, "content_type": 12, "object_id": "6", "object_repr": "TypeScript Essential Training - LinkedIn - CO", "action_flag": 1, "change_message": "[{\"added\": {}}]"}}, {"model": "admin.logentry", "pk": 48, "fields": {"action_time": "2020-07-08T23:41:37.000Z", "user": 1, "content_type": 12, "object_id": "7", "object_repr": "Agile at work: Building your Agile Team - LinkedIn - CO", "action_flag": 1, "change_message": "[{\"added\": {}}]"}}, {"model": "admin.logentry", "pk": 49, "fields": {"action_time": "2020-07-08T23:42:09.567Z", "user": 1, "content_type": 12, "object_id": "8", "object_repr": "Agile at work: Driving Productive Agile Meetings - LinkedIn - CO", "action_flag": 1, "change_message": "[{\"added\": {}}]"}}, {"model": "admin.logentry", "pk": 50, "fields": {"action_time": "2020-07-08T23:42:31.750Z", "user": 1, "content_type": 12, "object_id": "9", "object_repr": "Agile at Work: Planning with Agile User Stories - LinkedIn - CO", "action_flag": 1, "change_message": "[{\"added\": {}}]"}}, {"model": "admin.logentry", "pk": 51, "fields": {"action_time": "2020-07-08T23:43:38.875Z", "user": 1, "content_type": 12, "object_id": "10", "object_repr": "Bootstrap 3 Essential Training - LinkedIn - CO", "action_flag": 1, "change_message": "[{\"added\": {}}]"}}, {"model": "admin.logentry", "pk": 52, "fields": {"action_time": "2020-07-08T23:43:52.064Z", "user": 1, "content_type": 12, "object_id": "11", "object_repr": "Introduction to CSS - LinkedIn - CO", "action_flag": 1, "change_message": "[{\"added\": {}}]"}}, {"model": "admin.logentry", "pk": 53, "fields": {"action_time": "2020-07-08T23:43:59.098Z", "user": 1, "content_type": 12, "object_id": "11", "object_repr": "Introduction to CSS - LinkedIn - CO", "action_flag": 2, "change_message": "[{\"changed\": {\"fields\": [\"Year\"]}}]"}}, {"model": "admin.logentry", "pk": 54, "fields": {"action_time": "2020-07-08T23:44:04.511Z", "user": 1, "content_type": 12, "object_id": "10", "object_repr": "Bootstrap 3 Essential Training - LinkedIn - CO", "action_flag": 2, "change_message": "[{\"changed\": {\"fields\": [\"Year\"]}}]"}}, {"model": "admin.logentry", "pk": 55, "fields": {"action_time": "2020-07-08T23:45:18.571Z", "user": 1, "content_type": 12, "object_id": "12", "object_repr": "JavaScript Essential Training - LinkedIn - CO", "action_flag": 1, "change_message": "[{\"added\": {}}]"}}, {"model": "admin.logentry", "pk": 56, "fields": {"action_time": "2020-07-08T23:46:12.420Z", "user": 1, "content_type": 12, "object_id": "13", "object_repr": "Creating Advanced Responsive Presentation, HTML5 - LinkedIn - CO", "action_flag": 1, "change_message": "[{\"added\": {}}]"}}, {"model": "admin.logentry", "pk": 57, "fields": {"action_time": "2020-07-08T23:46:36.691Z", "user": 1, "content_type": 12, "object_id": "14", "object_repr": "Project Management: Iterative Methods - LinkedIn - CO", "action_flag": 1, "change_message": "[{\"added\": {}}]"}}, {"model": "admin.logentry", "pk": 58, "fields": {"action_time": "2020-07-08T23:47:04.409Z", "user": 1, "content_type": 12, "object_id": "15", "object_repr": "Avoiding Phishing Scams - LinkedIn - CO", "action_flag": 1, "change_message": "[{\"added\": {}}]"}}, {"model": "admin.logentry", "pk": 59, "fields": {"action_time": "2020-07-08T23:50:39.660Z", "user": 1, "content_type": 12, "object_id": "15", "object_repr": "Avoiding Phishing Scams - LinkedIn - Completed", "action_flag": 2, "change_message": "[{\"changed\": {\"fields\": [\"Status\"]}}]"}}, {"model": "admin.logentry", "pk": 60, "fields": {"action_time": "2020-07-08T23:50:55.658Z", "user": 1, "content_type": 12, "object_id": "14", "object_repr": "Project Management: Iterative Methods - LinkedIn - Completed", "action_flag": 2, "change_message": "[{\"changed\": {\"fields\": [\"Status\"]}}]"}}, {"model": "admin.logentry", "pk": 61, "fields": {"action_time": "2020-07-08T23:51:01.434Z", "user": 1, "content_type": 12, "object_id": "13", "object_repr": "Creating Advanced Responsive Presentation, HTML5 - LinkedIn - Completed", "action_flag": 2, "change_message": "[{\"changed\": {\"fields\": [\"Status\"]}}]"}}, {"model": "admin.logentry", "pk": 62, "fields": {"action_time": "2020-07-08T23:51:06.403Z", "user": 1, "content_type": 12, "object_id": "12", "object_repr": "JavaScript Essential Training - LinkedIn - Completed", "action_flag": 2, "change_message": "[{\"changed\": {\"fields\": [\"Status\"]}}]"}}, {"model": "admin.logentry", "pk": 63, "fields": {"action_time": "2020-07-08T23:51:11.043Z", "user": 1, "content_type": 12, "object_id": "11", "object_repr": "Introduction to CSS - LinkedIn - Completed", "action_flag": 2, "change_message": "[{\"changed\": {\"fields\": [\"Status\"]}}]"}}, {"model": "admin.logentry", "pk": 64, "fields": {"action_time": "2020-07-08T23:51:17.657Z", "user": 1, "content_type": 12, "object_id": "9", "object_repr": "Agile at Work: Planning with Agile User Stories - LinkedIn - Completed", "action_flag": 2, "change_message": "[{\"changed\": {\"fields\": [\"Status\"]}}]"}}, {"model": "admin.logentry", "pk": 65, "fields": {"action_time": "2020-07-08T23:51:22.766Z", "user": 1, "content_type": 12, "object_id": "10", "object_repr": "Bootstrap 3 Essential Training - LinkedIn - Completed", "action_flag": 2, "change_message": "[{\"changed\": {\"fields\": [\"Status\"]}}]"}}, {"model": "admin.logentry", "pk": 66, "fields": {"action_time": "2020-07-08T23:51:31.515Z", "user": 1, "content_type": 12, "object_id": "9", "object_repr": "Agile at Work: Planning with Agile User Stories - LinkedIn - Completed", "action_flag": 2, "change_message": "[]"}}, {"model": "admin.logentry", "pk": 67, "fields": {"action_time": "2020-07-08T23:51:36.251Z", "user": 1, "content_type": 12, "object_id": "8", "object_repr": "Agile at work: Driving Productive Agile Meetings - LinkedIn - Completed", "action_flag": 2, "change_message": "[{\"changed\": {\"fields\": [\"Status\"]}}]"}}, {"model": "admin.logentry", "pk": 68, "fields": {"action_time": "2020-07-08T23:51:41.185Z", "user": 1, "content_type": 12, "object_id": "7", "object_repr": "Agile at work: Building your Agile Team - LinkedIn - Completed", "action_flag": 2, "change_message": "[{\"changed\": {\"fields\": [\"Status\"]}}]"}}, {"model": "admin.logentry", "pk": 69, "fields": {"action_time": "2020-07-08T23:51:47.368Z", "user": 1, "content_type": 12, "object_id": "6", "object_repr": "TypeScript Essential Training - LinkedIn - Completed", "action_flag": 2, "change_message": "[{\"changed\": {\"fields\": [\"Status\"]}}]"}}, {"model": "admin.logentry", "pk": 70, "fields": {"action_time": "2020-07-08T23:51:53.590Z", "user": 1, "content_type": 12, "object_id": "5", "object_repr": "Salesforce Administrator - Salesforce - In Progress", "action_flag": 2, "change_message": "[{\"changed\": {\"fields\": [\"Status\"]}}]"}}, {"model": "admin.logentry", "pk": 71, "fields": {"action_time": "2020-07-08T23:52:07.950Z", "user": 1, "content_type": 12, "object_id": "5", "object_repr": "Salesforce Administrator - Salesforce - In Progress", "action_flag": 3, "change_message": ""}}, {"model": "admin.logentry", "pk": 72, "fields": {"action_time": "2020-07-08T23:52:13.527Z", "user": 1, "content_type": 12, "object_id": "4", "object_repr": "Agile:Getting Better with Agile Retrospectives - LinkedIn - Completed", "action_flag": 2, "change_message": "[{\"changed\": {\"fields\": [\"Status\"]}}]"}}, {"model": "admin.logentry", "pk": 73, "fields": {"action_time": "2020-07-08T23:52:18.183Z", "user": 1, "content_type": 12, "object_id": "3", "object_repr": "Business Analysis Foundations - LinkedIn - Completed", "action_flag": 2, "change_message": "[{\"changed\": {\"fields\": [\"Status\"]}}]"}}, {"model": "admin.logentry", "pk": 74, "fields": {"action_time": "2020-07-08T23:52:23.317Z", "user": 1, "content_type": 12, "object_id": "2", "object_repr": "Building a Personal Portfolio with Django - LinkedIn - Completed", "action_flag": 2, "change_message": "[{\"changed\": {\"fields\": [\"Status\"]}}]"}}, {"model": "admin.logentry", "pk": 75, "fields": {"action_time": "2020-07-08T23:52:28.808Z", "user": 1, "content_type": 12, "object_id": "1", "object_repr": "Project Management: Iterative Methods - LinkedIn - Completed", "action_flag": 2, "change_message": "[{\"changed\": {\"fields\": [\"Status\"]}}]"}}, {"model": "admin.logentry", "pk": 76, "fields": {"action_time": "2020-07-08T23:52:58.470Z", "user": 1, "content_type": 12, "object_id": "16", "object_repr": "Salesforce Administrator - Exam Pending, Salesforce - In Progress", "action_flag": 1, "change_message": "[{\"added\": {}}]"}}, {"model": "admin.logentry", "pk": 77, "fields": {"action_time": "2020-07-09T01:04:21.709Z", "user": 1, "content_type": 8, "object_id": "2", "object_repr": "Fall - 2016", "action_flag": 1, "change_message": "[{\"added\": {}}]"}}, {"model": "admin.logentry", "pk": 78, "fields": {"action_time": "2020-07-09T01:04:29.695Z", "user": 1, "content_type": 8, "object_id": "1", "object_repr": "Fall - 2016", "action_flag": 3, "change_message": ""}}, {"model": "admin.logentry", "pk": 79, "fields": {"action_time": "2020-07-09T01:04:37.834Z", "user": 1, "content_type": 8, "object_id": "3", "object_repr": "Spring - 2017", "action_flag": 1, "change_message": "[{\"added\": {}}]"}}, {"model": "admin.logentry", "pk": 80, "fields": {"action_time": "2020-07-09T01:04:43.251Z", "user": 1, "content_type": 8, "object_id": "4", "object_repr": "Fall - 2018", "action_flag": 1, "change_message": "[{\"added\": {}}]"}}, {"model": "admin.logentry", "pk": 81, "fields": {"action_time": "2020-07-09T01:04:49.068Z", "user": 1, "content_type": 8, "object_id": "5", "object_repr": "Spring - 2018", "action_flag": 1, "change_message": "[{\"added\": {}}]"}}, {"model": "admin.logentry", "pk": 82, "fields": {"action_time": "2020-07-09T01:04:52.276Z", "user": 1, "content_type": 8, "object_id": "6", "object_repr": "Spring - 2018", "action_flag": 1, "change_message": "[{\"added\": {}}]"}}, {"model": "admin.logentry", "pk": 83, "fields": {"action_time": "2020-07-09T01:04:57.731Z", "user": 1, "content_type": 8, "object_id": "7", "object_repr": "Fall - 2019", "action_flag": 1, "change_message": "[{\"added\": {}}]"}}, {"model": "admin.logentry", "pk": 84, "fields": {"action_time": "2020-07-09T01:05:00.281Z", "user": 1, "content_type": 8, "object_id": "8", "object_repr": "Spring - 2019", "action_flag": 1, "change_message": "[{\"added\": {}}]"}}, {"model": "admin.logentry", "pk": 85, "fields": {"action_time": "2020-07-09T01:05:05.888Z", "user": 1, "content_type": 8, "object_id": "9", "object_repr": "Fall - 2020", "action_flag": 1, "change_message": "[{\"added\": {}}]"}}, {"model": "admin.logentry", "pk": 86, "fields": {"action_time": "2020-07-09T01:05:09.212Z", "user": 1, "content_type": 8, "object_id": "10", "object_repr": "Spring - 2020", "action_flag": 1, "change_message": "[{\"added\": {}}]"}}, {"model": "admin.logentry", "pk": 87, "fields": {"action_time": "2020-07-09T01:05:19.324Z", "user": 1, "content_type": 8, "object_id": "5", "object_repr": "Spring - 2018", "action_flag": 3, "change_message": ""}}, {"model": "admin.logentry", "pk": 88, "fields": {"action_time": "2020-07-09T01:06:38.654Z", "user": 1, "content_type": 9, "object_id": "1", "object_repr": "BUS-200 - Business In Global Economy - B-", "action_flag": 1, "change_message": "[{\"added\": {}}]"}}, {"model": "admin.logentry", "pk": 89, "fields": {"action_time": "2020-07-09T01:23:34.260Z", "user": 1, "content_type": 9, "object_id": "1", "object_repr": "BUS-200 - Global Environment of Business - B-", "action_flag": 2, "change_message": "[{\"changed\": {\"fields\": [\"Description\"]}}]"}}, {"model": "admin.logentry", "pk": 90, "fields": {"action_time": "2020-07-09T01:24:20.956Z", "user": 1, "content_type": 9, "object_id": "2", "object_repr": "ECON-103 - Microeconomic Principles - B-", "action_flag": 1, "change_message": "[{\"added\": {}}]"}}, {"model": "admin.logentry", "pk": 91, "fields": {"action_time": "2020-07-09T01:26:42.937Z", "user": 1, "content_type": 9, "object_id": "3", "object_repr": "MATH-108 - Calc1: Business Applications - B", "action_flag": 1, "change_message": "[{\"added\": {}}]"}}, {"model": "admin.logentry", "pk": 92, "fields": {"action_time": "2020-07-09T01:27:42.980Z", "user": 1, "content_type": 9, "object_id": "4", "object_repr": "STAT-250 - Introductory Statistics 1 - C", "action_flag": 1, "change_message": "[{\"added\": {}}]"}}, {"model": "admin.logentry", "pk": 93, "fields": {"action_time": "2020-07-09T01:29:23.335Z", "user": 1, "content_type": 9, "object_id": "5", "object_repr": "HIST-100 - History of Western Civilization - A", "action_flag": 1, "change_message": "[{\"added\": {}}]"}}, {"model": "admin.logentry", "pk": 94, "fields": {"action_time": "2020-07-09T01:29:57.250Z", "user": 1, "content_type": 9, "object_id": "6", "object_repr": "IT-102 - Discrete Structures - A", "action_flag": 1, "change_message": "[{\"added\": {}}]"}}, {"model": "admin.logentry", "pk": 95, "fields": {"action_time": "2020-07-09T01:30:25.325Z", "user": 1, "content_type": 9, "object_id": "7", "object_repr": "IT-104 - Introduction to Computing - B+", "action_flag": 1, "change_message": "[{\"added\": {}}]"}}, {"model": "admin.logentry", "pk": 96, "fields": {"action_time": "2020-07-09T01:32:11.056Z", "user": 1, "content_type": 9, "object_id": "8", "object_repr": "IT-105 - IT Architecture Fundamentals - A-", "action_flag": 1, "change_message": "[{\"added\": {}}]"}}, {"model": "admin.logentry", "pk": 97, "fields": {"action_time": "2020-07-09T01:33:31.106Z", "user": 1, "content_type": 9, "object_id": "9", "object_repr": "PHYS-104 - Physics/Everyday Phenomena 2 - A-", "action_flag": 1, "change_message": "[{\"added\": {}}]"}}, {"model": "admin.logentry", "pk": 98, "fields": {"action_time": "2020-07-09T01:33:55.385Z", "user": 1, "content_type": 8, "object_id": "11", "object_repr": "Fall-2017", "action_flag": 1, "change_message": "[{\"added\": {}}]"}}, {"model": "admin.logentry", "pk": 99, "fields": {"action_time": "2020-07-09T01:34:34.215Z", "user": 1, "content_type": 9, "object_id": "10", "object_repr": "ARTH-101 - Introduction to Visual Arts - A+", "action_flag": 1, "change_message": "[{\"added\": {}}]"}}, {"model": "admin.logentry", "pk": 100, "fields": {"action_time": "2020-07-09T01:35:27.687Z", "user": 1, "content_type": 9, "object_id": "11", "object_repr": "ASTR-103 - Astronomy - C+", "action_flag": 1, "change_message": "[{\"added\": {}}]"}}, {"model": "admin.logentry", "pk": 101, "fields": {"action_time": "2020-07-09T01:35:59.924Z", "user": 1, "content_type": 9, "object_id": "12", "object_repr": "IT-106 - IT Problem Solving - D", "action_flag": 1, "change_message": "[{\"added\": {}}]"}}, {"model": "admin.logentry", "pk": 102, "fields": {"action_time": "2020-07-09T01:36:44.830Z", "user": 1, "content_type": 9, "object_id": "13", "object_repr": "IT-214 - Database Fundamentals - B-", "action_flag": 1, "change_message": "[{\"added\": {}}]"}}, {"model": "admin.logentry", "pk": 103, "fields": {"action_time": "2020-07-09T01:37:14.062Z", "user": 1, "content_type": 9, "object_id": "14", "object_repr": "IT-223 - Information Security Fundamentals - B+", "action_flag": 1, "change_message": "[{\"added\": {}}]"}}, {"model": "admin.logentry", "pk": 104, "fields": {"action_time": "2020-07-09T01:38:20.748Z", "user": 1, "content_type": 8, "object_id": "9", "object_repr": "Fall - 2020", "action_flag": 3, "change_message": ""}}, {"model": "admin.logentry", "pk": 105, "fields": {"action_time": "2020-07-09T01:44:02.679Z", "user": 1, "content_type": 9, "object_id": "15", "object_repr": "IT-106 - IT Problem Solving, Repeated to switch to Python - B+", "action_flag": 1, "change_message": "[{\"added\": {}}]"}}, {"model": "admin.logentry", "pk": 106, "fields": {"action_time": "2020-07-09T01:49:14.504Z", "user": 1, "content_type": 9, "object_id": "16", "object_repr": "IT-213 - Multimedia and Web Design - A+", "action_flag": 1, "change_message": "[{\"added\": {}}]"}}, {"model": "admin.logentry", "pk": 107, "fields": {"action_time": "2020-07-09T01:53:31.234Z", "user": 1, "content_type": 9, "object_id": "17", "object_repr": "IT-293 - IT: Understanding Concentration and Careers - A+", "action_flag": 1, "change_message": "[{\"added\": {}}]"}}, {"model": "admin.logentry", "pk": 108, "fields": {"action_time": "2020-07-09T01:53:34.931Z", "user": 1, "content_type": 9, "object_id": "17", "object_repr": "IT-293 - IT: Understanding Concentration and Careers - A+", "action_flag": 2, "change_message": "[]"}}, {"model": "admin.logentry", "pk": 109, "fields": {"action_time": "2020-07-09T01:57:43.361Z", "user": 1, "content_type": 9, "object_id": "18", "object_repr": "IT-200 - Modern Telecommunications - C+", "action_flag": 1, "change_message": "[{\"added\": {}}]"}}, {"model": "admin.logentry", "pk": 110, "fields": {"action_time": "2020-07-09T01:57:45.173Z", "user": 1, "content_type": 9, "object_id": "18", "object_repr": "IT-200 - Modern Telecommunications - C+", "action_flag": 2, "change_message": "[]"}}, {"model": "admin.logentry", "pk": 111, "fields": {"action_time": "2020-07-09T01:58:23.436Z", "user": 1, "content_type": 9, "object_id": "19", "object_repr": "IT-304 - IT in the Global Economy - A-", "action_flag": 1, "change_message": "[{\"added\": {}}]"}}, {"model": "admin.logentry", "pk": 112, "fields": {"action_time": "2020-07-09T01:58:59.383Z", "user": 1, "content_type": 9, "object_id": "20", "object_repr": "MBUS-300 - Accounting in a Global Economy - B", "action_flag": 1, "change_message": "[{\"added\": {}}]"}}, {"model": "admin.logentry", "pk": 113, "fields": {"action_time": "2020-07-09T01:59:38.004Z", "user": 1, "content_type": 9, "object_id": "21", "object_repr": "UNIV-332 - Peer Leadership: RA's - A+", "action_flag": 1, "change_message": "[{\"added\": {}}]"}}, {"model": "admin.logentry", "pk": 114, "fields": {"action_time": "2020-07-09T02:01:28.522Z", "user": 1, "content_type": 9, "object_id": "22", "object_repr": "ENGH-201 - English Literature 1 - B+", "action_flag": 1, "change_message": "[{\"added\": {}}]"}}, {"model": "admin.logentry", "pk": 115, "fields": {"action_time": "2020-07-09T02:01:59.635Z", "user": 1, "content_type": 9, "object_id": "23", "object_repr": "IT-2017 - Applied IT Programming, PHP - B", "action_flag": 1, "change_message": "[{\"added\": {}}]"}}, {"model": "admin.logentry", "pk": 116, "fields": {"action_time": "2020-07-09T02:03:30.631Z", "user": 1, "content_type": 9, "object_id": "24", "object_repr": "IT-209 - Introduction to Object-Oriented Programming - B", "action_flag": 1, "change_message": "[{\"added\": {}}]"}}, {"model": "admin.logentry", "pk": 117, "fields": {"action_time": "2020-07-09T02:05:28.836Z", "user": 1, "content_type": 9, "object_id": "25", "object_repr": "IT-342 - Operating Systems, Linux and Windows - B+", "action_flag": 1, "change_message": "[{\"added\": {}}]"}}, {"model": "admin.logentry", "pk": 118, "fields": {"action_time": "2020-07-09T02:05:57.389Z", "user": 1, "content_type": 9, "object_id": "26", "object_repr": "IT-343 - IT Project Management - B+", "action_flag": 1, "change_message": "[{\"added\": {}}]"}}, {"model": "admin.logentry", "pk": 119, "fields": {"action_time": "2020-07-09T02:07:06.433Z", "user": 1, "content_type": 9, "object_id": "27", "object_repr": "UNIV-332 - Peer Leadership: RA's, Part 2 - B-", "action_flag": 1, "change_message": "[{\"added\": {}}]"}}, {"model": "admin.logentry", "pk": 120, "fields": {"action_time": "2020-07-09T02:09:38.170Z", "user": 1, "content_type": 9, "object_id": "28", "object_repr": "ENGH-302 - Advanced Composition, (Sciences) - B+", "action_flag": 1, "change_message": "[{\"added\": {}}]"}}, {"model": "admin.logentry", "pk": 121, "fields": {"action_time": "2020-07-09T02:10:07.394Z", "user": 1, "content_type": 9, "object_id": "29", "object_repr": "IT-216 - Systems Analysis and Design - B", "action_flag": 1, "change_message": "[{\"added\": {}}]"}}, {"model": "admin.logentry", "pk": 122, "fields": {"action_time": "2020-07-09T02:11:11.183Z", "user": 1, "content_type": 9, "object_id": "30", "object_repr": "IT-331 - Web Development: AJAX - B", "action_flag": 1, "change_message": "[{\"added\": {}}]"}}, {"model": "admin.logentry", "pk": 123, "fields": {"action_time": "2020-07-09T02:11:44.390Z", "user": 1, "content_type": 9, "object_id": "31", "object_repr": "IT-341 - Data Communications /Networking Principle - C", "action_flag": 1, "change_message": "[{\"added\": {}}]"}}, {"model": "admin.logentry", "pk": 124, "fields": {"action_time": "2020-07-09T02:12:32.095Z", "user": 1, "content_type": 9, "object_id": "32", "object_repr": "SYST-469 - Human-Computer Interactions. Human-Centric Design - A+", "action_flag": 1, "change_message": "[{\"added\": {}}]"}}, {"model": "admin.logentry", "pk": 125, "fields": {"action_time": "2020-07-09T02:13:11.919Z", "user": 1, "content_type": 9, "object_id": "33", "object_repr": "IT-309 - Data Structures and Algorithms in Python - B+", "action_flag": 1, "change_message": "[{\"added\": {}}]"}}, {"model": "admin.logentry", "pk": 126, "fields": {"action_time": "2020-07-09T02:13:52.238Z", "user": 1, "content_type": 9, "object_id": "34", "object_repr": "IT-315 - Mobile Development (IOS) - A-", "action_flag": 1, "change_message": "[{\"added\": {}}]"}}, {"model": "admin.logentry", "pk": 127, "fields": {"action_time": "2020-07-09T02:14:22.834Z", "user": 1, "content_type": 9, "object_id": "35", "object_repr": "IT-390 - Rapid Development Scalable Cloud Applications - A+", "action_flag": 1, "change_message": "[{\"added\": {}}]"}}, {"model": "admin.logentry", "pk": 128, "fields": {"action_time": "2020-07-09T02:16:23.922Z", "user": 1, "content_type": 9, "object_id": "36", "object_repr": "IT-431 - Advanced Web Development, ASP.NET, AWS - A-", "action_flag": 1, "change_message": "[{\"added\": {}}]"}}, {"model": "admin.logentry", "pk": 129, "fields": {"action_time": "2020-07-09T02:16:54.788Z", "user": 1, "content_type": 9, "object_id": "37", "object_repr": "IT-492 - Senior Design Project: 1 - A-", "action_flag": 1, "change_message": "[{\"added\": {}}]"}}, {"model": "admin.logentry", "pk": 130, "fields": {"action_time": "2020-07-09T02:17:20.545Z", "user": 1, "content_type": 9, "object_id": "38", "object_repr": "IT-493 - Senior Design Project:2 - A-", "action_flag": 1, "change_message": "[{\"added\": {}}]"}}, {"model": "admin.logentry", "pk": 131, "fields": {"action_time": "2020-07-09T02:18:35.788Z", "user": 1, "content_type": 9, "object_id": "39", "object_repr": "IT-369 - Data and Application Security,Kali Linux,LAMP stck - A+", "action_flag": 1, "change_message": "[{\"added\": {}}]"}}, {"model": "admin.logentry", "pk": 132, "fields": {"action_time": "2020-07-09T02:19:20.954Z", "user": 1, "content_type": 9, "object_id": "40", "object_repr": "IT-409 - Python Web Programming, Django and REST API's - A_", "action_flag": 1, "change_message": "[{\"added\": {}}]"}}, {"model": "admin.logentry", "pk": 133, "fields": {"action_time": "2020-07-09T02:20:17.777Z", "user": 1, "content_type": 9, "object_id": "41", "object_repr": "IT-415 - Information Visualization, Google Tools, Tableau - A+", "action_flag": 1, "change_message": "[{\"added\": {}}]"}}, {"model": "admin.logentry", "pk": 134, "fields": {"action_time": "2020-07-09T02:22:01.434Z", "user": 1, "content_type": 9, "object_id": "42", "object_repr": "UNIV-420 - College to Career - A+", "action_flag": 1, "change_message": "[{\"added\": {}}]"}}]